{
  "prompt_v1_scores": {
    "faithfulness": 0.9435151515151516,
    "answer_relevancy": 0.9142866124096247,
    "context_recall": 1.0,
    "context_precision": 0.9416666665930833
  },
  "prompt_v2_scores": {
    "faithfulness": 0.9293107448107447,
    "answer_relevancy": 0.9022123835635522,
    "context_recall": 1.0,
    "context_precision": 0.9416666665954168
  },
  "target_met": true
}